url,product_id,category,title,price,scraped,timestamp
https://www.amazon.com/Flybar-Jumper-Toddlers-Durable-Supports/dp/B00WTDXSDM/ref=zg_bs_toys-and-games_6/144-0817804-9574927?pd_rd_i=B0916L8NWZ&psc=1,B00WTDXSDM,"{'name': 'toys-and-games', 'url': 'https://www.amazon.com/Best-Sellers-Toys-Games/zgbs/toys-and-games/'}","Flybar My First Foam Pogo Jumper for Kids Fun and Safe Pogo Stick for Toddlers, Durable Foam and Bungee Jumper for Ages 3 and up, Supports up to 250lbs",$16.99,1,1640083170.914202
https://www.amazon.com/Hasbro-A5640-Connect-4-Game/dp/B00D8STBHY/ref=zg_bs_toys-and-games_19/144-0817804-9574927?pd_rd_i=B00D8STBHY&psc=1,B00D8STBHY,"{'name': 'toys-and-games', 'url': 'https://www.amazon.com/Best-Sellers-Toys-Games/zgbs/toys-and-games/'}",,,1,1640083176.977805
https://www.amazon.com/Mini-Drones-Kids-Adults-Controlled/dp/B07CVFWVF5/ref=zg_bs_toys-and-games_17/144-0817804-9574927?pd_rd_i=B09488QMWN&psc=1,B07CVFWVF5,"{'name': 'toys-and-games', 'url': 'https://www.amazon.com/Best-Sellers-Toys-Games/zgbs/toys-and-games/'}","Force1 Scoot Hand Operated Drone for Kids or Adults - Hands Free Motion Sensor Mini Drone, Easy Indoor Small UFO Toy Flying Ball Drone Toy for Boys and Girls (Blue)",$26.95,1,1640083182.762356
https://www.amazon.com/VTech-Pull-and-Sing-Puppy/dp/B01MQ3YP7Y/ref=zg_bs_toys-and-games_12/144-0817804-9574927?pd_rd_i=B09NT21ZSB&psc=1,B01MQ3YP7Y,"{'name': 'toys-and-games', 'url': 'https://www.amazon.com/Best-Sellers-Toys-Games/zgbs/toys-and-games/'}",VTech Pull and Sing Puppy,$16.88,1,1640083188.428271
https://www.amazon.com/Rock-Painting-Kit-Kids-Activities/dp/B07Z2R7S5P/ref=zg_bs_toys-and-games_25/144-0817804-9574927?pd_rd_i=B07Z2R7S5P&psc=1,B07Z2R7S5P,"{'name': 'toys-and-games', 'url': 'https://www.amazon.com/Best-Sellers-Toys-Games/zgbs/toys-and-games/'}","Rock Painting Kit for Kids - Arts and Crafts for Girls & Boys Ages 6-12 - Craft Kits Art Set - Supplies for Painting Rocks - Best Tween Paint Gift, Ideas for Kids Activities Age 4 5 6 7 8 9 10",$14.99,1,1640083193.593218
https://www.amazon.com/Fisher-Price-Rattle-Rock-Maracas-Orange/dp/B071FLSWBS/ref=zg_bs_toys-and-games_22/144-0817804-9574927?pd_rd_i=B07JB953MG&psc=1,B071FLSWBS,"{'name': 'toys-and-games', 'url': 'https://www.amazon.com/Best-Sellers-Toys-Games/zgbs/toys-and-games/'}","Fisher-Price Rattle 'n Rock Maracas, Blue/Orange [Amazon Exclusive] 2 Count (Pack of 1)",$7.99,1,1640083199.442816
https://www.amazon.com/Cards-Against-Humanity-LLC-CAHUS/dp/B004S8F7QM/ref=zg_bs_toys-and-games_24/144-0817804-9574927?pd_rd_i=B004S8F7QM&psc=1,B004S8F7QM,"{'name': 'toys-and-games', 'url': 'https://www.amazon.com/Best-Sellers-Toys-Games/zgbs/toys-and-games/'}",Cards Against Humanity,$25.00,1,1640083205.333642
https://www.amazon.com/NATIONAL-GEOGRAPHIC-Magic-Chemistry-Set/dp/B085WF9CHH/ref=zg_bs_toys-and-games_26/144-0817804-9574927?pd_rd_i=B085WF9CHH&psc=1,B085WF9CHH,"{'name': 'toys-and-games', 'url': 'https://www.amazon.com/Best-Sellers-Toys-Games/zgbs/toys-and-games/'}","NATIONAL GEOGRAPHIC Magic Chemistry Set - Perform 10 Amazing Easy Tricks with Science, Create a Magic Show with White Gloves & Magic Wand",$13.59,1,1640083210.953596
https://www.amazon.com/ThinkFun-Gravity-Marble-Logic-Girls/dp/B00IUAAK2A/ref=zg_bs_toys-and-games_9/144-0817804-9574927?pd_rd_i=B08926MYVR&psc=1,B00IUAAK2A,"{'name': 'toys-and-games', 'url': 'https://www.amazon.com/Best-Sellers-Toys-Games/zgbs/toys-and-games/'}",ThinkFun Gravity Maze Marble Run Brain Game and STEM Toy for Boys and Girls Age 8 and Up – Toy of the Year Award Winner,$29.99,1,1640083217.388402
https://www.amazon.com/Kids-Against-Maturity-Original-Humanity/dp/B076PRWVFG/ref=zg_bs_toys-and-games_10/144-0817804-9574927?pd_rd_i=B076PRWVFG&psc=1,B076PRWVFG,"{'name': 'toys-and-games', 'url': 'https://www.amazon.com/Best-Sellers-Toys-Games/zgbs/toys-and-games/'}","Kids Against Maturity: Card Game for Kids and Families, Super Fun Hilarious for Family Party Game Night",$24.99,1,1640083224.111547
https://www.amazon.com/Surprise-All-Star-Sports-Sparkly-Surprises/dp/B08WYKRD89/ref=zg_bs_toys-and-games_28/144-0817804-9574927?pd_rd_i=B08WYKRD89&psc=1,B08WYKRD89,"{'name': 'toys-and-games', 'url': 'https://www.amazon.com/Best-Sellers-Toys-Games/zgbs/toys-and-games/'}","LOL Surprise All-Star Sports Series 5 Winter Games Sparkly Collectible Doll with 8 Surprises, Mix & Match Accessories, Gift for Kids, Toys for Girls and Boys Ages 4 5 6 7+ Years Old, (Styles May Vary)",$8.99,1,1640083229.461367
https://www.amazon.com/Playskool-Classic-Spinning-Activity-Toddlers/dp/B00YTWEMUO/ref=zg_bs_toys-and-games_14/144-0817804-9574927?pd_rd_i=B087H2LWWZ&psc=1,B00YTWEMUO,"{'name': 'toys-and-games', 'url': 'https://www.amazon.com/Best-Sellers-Toys-Games/zgbs/toys-and-games/'}","Playskool Sit ‘n Spin Classic Spinning Activity Toy for Toddlers Ages Over 18 Months (Amazon Exclusive),Multicolor",$34.99,1,1640083235.254982
https://www.amazon.com/LeapFrog-80-609540-100-Animals-Book/dp/B085KTQKNC/ref=zg_bs_toys-and-games_2/144-0817804-9574927?pd_rd_i=B0953YFR2M&psc=1,B085KTQKNC,"{'name': 'toys-and-games', 'url': 'https://www.amazon.com/Best-Sellers-Toys-Games/zgbs/toys-and-games/'}","LeapFrog 100 Animals Book, Green",$13.99,1,1640083241.137088
https://www.amazon.com/VTech-Sports-Exclusive-Frustration-Packaging/dp/B07NRXSYSD/ref=zg_bs_toys-and-games_4/144-0817804-9574927?pd_rd_i=B07XMF2VQY&psc=1,B07NRXSYSD,"{'name': 'toys-and-games', 'url': 'https://www.amazon.com/Best-Sellers-Toys-Games/zgbs/toys-and-games/'}","VTech Smart Shots Sports Center Amazon Exclusive (Frustration Free Packaging), Red",$44.99,1,1640083247.360753
https://www.amazon.com/TeeTurtle-Reversible-Octopus-Plushie-Patented/dp/B092P3LW22/ref=zg_bs_toys-and-games_1/144-0817804-9574927?pd_rd_i=B09DJTXGBN&psc=1,B092P3LW22,"{'name': 'toys-and-games', 'url': 'https://www.amazon.com/Best-Sellers-Toys-Games/zgbs/toys-and-games/'}",TeeTurtle | The Moody Reversible Octopus Plushie | Patented Design | Sensory Fidget Toy for Stress Relief | Light Pink + Pink | Angry + Rage | Show Your Mood Without Saying a Word!,$15.00,1,1640083253.844106
https://www.amazon.com/Selieve-Talkies-Channels-Backlit-Flashlight/dp/B07PZCQLJY/ref=zg_bs_toys-and-games_27/144-0817804-9574927?pd_rd_i=B088PPN2NN&psc=1,B07PZCQLJY,"{'name': 'toys-and-games', 'url': 'https://www.amazon.com/Best-Sellers-Toys-Games/zgbs/toys-and-games/'}",,,1,1640083260.099457
https://www.amazon.com/Jenga-A2120EU4-Classic-Game/dp/B00ABA0ZOA/ref=zg_bs_toys-and-games_20/144-0817804-9574927?pd_rd_i=B00ABA0ZOA&psc=1,B00ABA0ZOA,"{'name': 'toys-and-games', 'url': 'https://www.amazon.com/Best-Sellers-Toys-Games/zgbs/toys-and-games/'}",,,1,1640083265.766345
https://www.amazon.com/Skillmatics-Educational-Game-Questions-Knowledge/dp/B07RMJ8SG6/ref=zg_bs_toys-and-games_8/144-0817804-9574927?pd_rd_i=B07TJ6PDB9&psc=1,B07RMJ8SG6,"{'name': 'toys-and-games', 'url': 'https://www.amazon.com/Best-Sellers-Toys-Games/zgbs/toys-and-games/'}",,,1,1640083271.475846
https://www.amazon.com/NATIONAL-GEOGRAPHIC-Earth-Science-Kit/dp/B082ZLM39R/ref=zg_bs_toys-and-games_7/144-0817804-9574927?pd_rd_i=B087MZXT4T&psc=1,B082ZLM39R,"{'name': 'toys-and-games', 'url': 'https://www.amazon.com/Best-Sellers-Toys-Games/zgbs/toys-and-games/'}","NATIONAL GEOGRAPHIC Earth Science Kit - Over 15 Science Experiments & STEM Activities for Kids, Crystal Growing, Erupting Volcanos, 2 Dig Kits & 10 Genuine Specimens, an AMAZON EXCLUSIVE Science Kit",$23.99,1,1640083277.539485
https://www.amazon.com/Hasbro-A5640-Connect-4-Game/dp/B00D8STBHY/ref=zg_bs_toys-and-games_map_19/144-0817804-9574927?pd_rd_i=B00D8STBHY&psc=1,B00D8STBHY,"{'name': 'toys-and-games', 'url': 'https://www.amazon.com/Best-Sellers-Toys-Games/zgbs/toys-and-games/'}",,,1,1640083283.129782
https://www.amazon.com/NERF-B9837F07-N-Strike-Elite-Disruptor/dp/B01JJ5KFMY/ref=zg_bs_toys-and-games_13/144-0817804-9574927?pd_rd_i=B01JJ5KFMY&psc=1,B01JJ5KFMY,"{'name': 'toys-and-games', 'url': 'https://www.amazon.com/Best-Sellers-Toys-Games/zgbs/toys-and-games/'}",NERF N-Strike Elite Disruptor,$13.99,1,1640083289.404909
https://www.amazon.com/Learning-Resources-Hedgehog-Easter-Toddlers/dp/B08QM5NPR6/ref=zg_bs_toys-and-games_29/144-0817804-9574927?pd_rd_i=B08XD3WW2H&psc=1,B08QM5NPR6,"{'name': 'toys-and-games', 'url': 'https://www.amazon.com/Best-Sellers-Toys-Games/zgbs/toys-and-games/'}","Learning Resources Spike The Fine Motor Hedgehog - Pink, Sensory, Fine Motor Toy, Hedgehog Toys for Toddler, Ages 18 Months+",$15.99,1,1640083294.893695
https://www.amazon.com/Hallmark-Jumbo-Christmas-Extra-Presents/dp/B01MF4SW6B/ref=zg_bs_toys-and-games_21/144-0817804-9574927?pd_rd_i=B09MRMXQRM&psc=1,B01MF4SW6B,"{'name': 'toys-and-games', 'url': 'https://www.amazon.com/Best-Sellers-Toys-Games/zgbs/toys-and-games/'}","Hallmark 56"" Jumbo Christmas Gift Bag (Extra Large Santa Bag for Big Presents)",$5.49,1,1640083301.680423
https://www.amazon.com/Tamagotchi-42881-Original-90s/dp/B08XWNK5TF/ref=zg_bs_toys-and-games_23/144-0817804-9574927?pd_rd_i=B09D3ZCSM4&psc=1,B08XWNK5TF,"{'name': 'toys-and-games', 'url': 'https://www.amazon.com/Best-Sellers-Toys-Games/zgbs/toys-and-games/'}",Original Tamagotchi - 90s,$19.99,1,1640083307.986166
https://www.amazon.com/Jenga-A2120EU4-Classic-Game/dp/B00ABA0ZOA/ref=zg_bs_toys-and-games_map_20/144-0817804-9574927?pd_rd_i=B00ABA0ZOA&psc=1,B00ABA0ZOA,"{'name': 'toys-and-games', 'url': 'https://www.amazon.com/Best-Sellers-Toys-Games/zgbs/toys-and-games/'}",,,1,1640083313.477413
https://www.amazon.com/Exploding-Kittens-LLC-EKG-ORG1-1-Card/dp/B010TQY7A8/ref=zg_bs_toys-and-games_3/144-0817804-9574927?pd_rd_i=B08FTYVCTF&psc=1,B010TQY7A8,"{'name': 'toys-and-games', 'url': 'https://www.amazon.com/Best-Sellers-Toys-Games/zgbs/toys-and-games/'}","Exploding Kittens - A Russian Roulette Card Game, Easy Family-Friendly Party Games - Card Games for Adults, Teens & Kids - 2-5 Players",$15.88,1,1640083319.632883
https://www.amazon.com/Throw-Burrito-Dodgeball-Exploding-Kittens/dp/B07TS96J7Q/ref=zg_bs_toys-and-games_15/144-0817804-9574927?pd_rd_i=B08KJZ2RTC&psc=1,B07TS96J7Q,"{'name': 'toys-and-games', 'url': 'https://www.amazon.com/Best-Sellers-Toys-Games/zgbs/toys-and-games/'}","Throw Throw Burrito by Exploding Kittens - A Dodgeball Card Game - Family-Friendly Party Games - Card Games for Adults, Teens & Kids - 2-6 Players",$19.82,1,1640083326.579613
https://www.amazon.com/Bravokids-Writing-Electronic-Educational-Birthday/dp/B083BG4MXC/ref=zg_bs_toys-and-games_16/144-0817804-9574927?pd_rd_i=B083QXMQ6L&psc=1,B083BG4MXC,"{'name': 'toys-and-games', 'url': 'https://www.amazon.com/Best-Sellers-Toys-Games/zgbs/toys-and-games/'}",,,1,1640083332.265477
https://www.amazon.com/BUNMO-Pop-Tubes-Sensory-Toy/dp/B07MBW6JNL/ref=zg_bs_toys-and-games_30/144-0817804-9574927?pd_rd_i=B09LCLLH1S&psc=1,B07MBW6JNL,"{'name': 'toys-and-games', 'url': 'https://www.amazon.com/Best-Sellers-Toys-Games/zgbs/toys-and-games/'}","BunMo Pop Tubes Sensory Toys, Fine Motor Skills Stocking Stuffers Toddler Toys, Fidget Toys for Sensory Kids and Stocking Stuffers for Kids Learning Toys",$7.99,1,1640083338.369447
https://www.amazon.com/dp/B09NXC1YCQ/ref=zg_bs_toys-and-games_11/144-0817804-9574927?pd_rd_i=B09CHMJMS6&psc=1,B09NXC1YCQ,"{'name': 'toys-and-games', 'url': 'https://www.amazon.com/Best-Sellers-Toys-Games/zgbs/toys-and-games/'}",,,1,1640083341.819124
https://www.amazon.com/Taco-Burrito-Popular-Surprisingly-Strategic/dp/B07JZTBV9C/ref=zg_bs_toys-and-games_18/144-0817804-9574927?pd_rd_i=B07JZTBV9C&psc=1,B07JZTBV9C,"{'name': 'toys-and-games', 'url': 'https://www.amazon.com/Best-Sellers-Toys-Games/zgbs/toys-and-games/'}",Taco vs Burrito - The Wildly Popular Surprisingly Strategic Card Game Created by a 7 Year Old,$29.99,1,1640083347.490051
https://www.amazon.com/Tile-1-Pack-Bluetooth-Water-Resistant-Compatible/dp/B09B2NYJ3T/ref=zg_bs_electronics_22/144-0817804-9574927?pd_rd_i=B09B2NYJ3T&psc=1,B09B2NYJ3T,"{'name': 'electronis', 'url': 'https://www.amazon.com/Best-Sellers-Electronics/zgbs/electronics/'}","Tile Slim (2022) 1-Pack. Thin Bluetooth Tracker, Wallet Finder and Item Locator for Wallet, Luggage Tags and More; Up to 250 ft. Range. Water-Resistant. Phone Finder. iOS and Android Compatible.",$24.99,1,1640083353.703051
https://www.amazon.com/Blink-Video-Doorbell/dp/B08SG2MS3V/ref=zg_bs_electronics_7/144-0817804-9574927?pd_rd_i=B09DFGMQWJ&psc=1,B08SG2MS3V,"{'name': 'electronis', 'url': 'https://www.amazon.com/Best-Sellers-Electronics/zgbs/electronics/'}",,,1,1640083358.019358
https://www.amazon.com/Echo-Dot/dp/B07FZ8S74R/ref=zg_bs_electronics_2/144-0817804-9574927?pd_rd_i=B07FZ8S74R&psc=1,B07FZ8S74R,"{'name': 'electronis', 'url': 'https://www.amazon.com/Best-Sellers-Electronics/zgbs/electronics/'}",,,1,1640083363.073597
https://www.amazon.com/Sunrise-Sleepers-Simulation-Nightlight-Daylight/dp/B081CHLF46/ref=zg_bs_electronics_28/144-0817804-9574927?pd_rd_i=B08SMFS9FR&psc=1,B081CHLF46,"{'name': 'electronis', 'url': 'https://www.amazon.com/Best-Sellers-Electronics/zgbs/electronics/'}","Wake Up Light Sunrise Alarm Clock for Kids, Heavy Sleepers, Bedroom, with Sunrise Simulation, Sleep Aid, Dual Alarms, FM Radio, Snooze, Nightlight, Daylight, 7 Colors, 7 Natural Sounds, Ideal for Gift",$48.98,1,1640083369.295515
https://www.amazon.com/Apple-Watch-Starlight-Aluminum-Sport/dp/B09HF6H3X3/ref=zg_bs_electronics_27/144-0817804-9574927?pd_rd_i=B09HF6H3X3&psc=1,B09HF6H3X3,"{'name': 'electronis', 'url': 'https://www.amazon.com/Best-Sellers-Electronics/zgbs/electronics/'}",,,1,1640083373.660107
https://www.amazon.com/Fire-7-Kids-Edition-Tablet/dp/B07H8ZCSL9/ref=zg_bs_electronics_23/144-0817804-9574927?pd_rd_i=B07H8ZCSL9&psc=1,B07H8ZCSL9,"{'name': 'electronis', 'url': 'https://www.amazon.com/Best-Sellers-Electronics/zgbs/electronics/'}",,,1,1640083378.54981
https://www.amazon.com/fire-tv-stick-lite/dp/B07YNLBS7R/ref=zg_bs_electronics_10/144-0817804-9574927?pd_rd_i=B07YNLBS7R&psc=1,B07YNLBS7R,"{'name': 'electronis', 'url': 'https://www.amazon.com/Best-Sellers-Electronics/zgbs/electronics/'}",,,1,1640083383.822672
https://www.amazon.com/Echo-Show-5-2nd-Gen-2021-release/dp/B08J8FFJ8H/ref=zg_bs_electronics_11/144-0817804-9574927?pd_rd_i=B08J8FFJ8H&psc=1,B08J8FFJ8H,"{'name': 'electronis', 'url': 'https://www.amazon.com/Best-Sellers-Electronics/zgbs/electronics/'}",,,1,1640083389.216
https://www.amazon.com/Fire-7-Kids-Edition-Tablet/dp/B07H8WS1FT/ref=zg_bs_electronics_6/144-0817804-9574927?pd_rd_i=B07H8WS1FT&psc=1,B07H8WS1FT,"{'name': 'electronis', 'url': 'https://www.amazon.com/Best-Sellers-Electronics/zgbs/electronics/'}",,,1,1640083393.748939
https://www.amazon.com/Spotlight-Security-Weatherproof-Compatible-Assistant/dp/B095NWYQBC/ref=zg_bs_electronics_15/144-0817804-9574927?pd_rd_i=B09M837458&psc=1,B095NWYQBC,"{'name': 'electronis', 'url': 'https://www.amazon.com/Best-Sellers-Electronics/zgbs/electronics/'}","Wyze Cam Spotlight, Wyze Cam v3 Security Camera with Spotlight Kit, 1080p HD Security Camera with Two-Way Audio and Siren, IP65 Weatherproof, Compatible with Alexa and Google Assistant",$49.96,1,1640083399.711398
https://www.amazon.com/All-new-Kindle-Paperwhite-adjustable-Ad-Supported/dp/B08KTZ8249/ref=zg_bs_electronics_12/144-0817804-9574927?pd_rd_i=B08KTZ8249&psc=1,B08KTZ8249,"{'name': 'electronis', 'url': 'https://www.amazon.com/Best-Sellers-Electronics/zgbs/electronics/'}",,,1,1640083404.75541
https://www.amazon.com/Roku-Streaming-Device-Vision-Controls/dp/B09BKCDXZC/ref=zg_bs_electronics_26/144-0817804-9574927?pd_rd_i=B09BKCDXZC&psc=1,B09BKCDXZC,"{'name': 'electronis', 'url': 'https://www.amazon.com/Best-Sellers-Electronics/zgbs/electronics/'}",Roku Streaming Stick 4K 2021 | Streaming Device 4K/HDR/Dolby Vision with Roku Voice Remote and TV Controls,$39.00,1,1640083412.011192
https://www.amazon.com/fire-tv-stick-4k-max-with-alexa-voice-remote/dp/B08MQZXN1X/ref=zg_bs_electronics_3/144-0817804-9574927?pd_rd_i=B08MQZXN1X&psc=1,B08MQZXN1X,"{'name': 'electronis', 'url': 'https://www.amazon.com/Best-Sellers-Electronics/zgbs/electronics/'}",,,1,1640083416.803767
https://www.amazon.com/Fitbit-Fitness-Smartwatch-Tracking-Included/dp/B07TVC2KLW/ref=zg_bs_electronics_19/144-0817804-9574927?pd_rd_i=B07TVC2KLW&psc=1,B07TVC2KLW,"{'name': 'electronis', 'url': 'https://www.amazon.com/Best-Sellers-Electronics/zgbs/electronics/'}","Fitbit Versa 2 Health and Fitness Smartwatch with Heart Rate, Music, Alexa Built-In, Sleep and Swim Tracking, Petal/Copper Rose, One Size (S and L Bands Included)",$99.00,1,1640083423.597023
https://www.amazon.com/Roku-Streaming-Stick-HDR-Streaming-Long-range/dp/B075XLWML4/ref=zg_bs_electronics_8/144-0817804-9574927?pd_rd_i=B075XLWML4&psc=1,B075XLWML4,"{'name': 'electronis', 'url': 'https://www.amazon.com/Best-Sellers-Electronics/zgbs/electronics/'}",Roku Streaming Stick+ | HD/4K/HDR Streaming Device with Long-range Wireless and Roku Voice Remote with TV Controls,$29.99,1,1640083430.582518
https://www.amazon.com/Tile-RE-19001-Mate-1-Pack/dp/B07W9BBCTB/ref=zg_bs_electronics_24/144-0817804-9574927?pd_rd_i=B07W9BBCTB&psc=1,B07W9BBCTB,"{'name': 'electronis', 'url': 'https://www.amazon.com/Best-Sellers-Electronics/zgbs/electronics/'}","Tile Mate (2020) 1-pack - Bluetooth Tracker, Keys Finder and Item Locator for Keys, Bags and More; Water Resistant with 1 Year Replaceable Battery",$17.99,1,1640083436.615043
https://www.amazon.com/Echo-Dot-3rd-Gen-Bluetooth/dp/B08F8RQ469/ref=zg_bs_electronics_13/144-0817804-9574927?pd_rd_i=B08F8RQ469&psc=1,B08F8RQ469,"{'name': 'electronis', 'url': 'https://www.amazon.com/Best-Sellers-Electronics/zgbs/electronics/'}",Echo Dot (3rd Gen) | Charcoal with Sengled Bluetooth bulb | Alexa smart home starter kit,$19.99,1,1640083441.445851
https://www.amazon.com/Amazon-smart-plug-works-with-Alexa/dp/B089DR29T6/ref=zg_bs_electronics_5/144-0817804-9574927?pd_rd_i=B07KTYJ769&psc=1,B089DR29T6,"{'name': 'electronis', 'url': 'https://www.amazon.com/Best-Sellers-Electronics/zgbs/electronics/'}",,,1,1640083446.055261
https://www.amazon.com/Echo-Designed-parental-controls-Panda/dp/B084J4MJCK/ref=zg_bs_electronics_21/144-0817804-9574927?pd_rd_i=B084J4MJCK&psc=1,B084J4MJCK,"{'name': 'electronis', 'url': 'https://www.amazon.com/Best-Sellers-Electronics/zgbs/electronics/'}",,,1,1640083450.893138
https://www.amazon.com/Apple-Watch-Aluminum-Abyss-Sport/dp/B09HDXS1DM/ref=zg_bs_electronics_29/144-0817804-9574927?pd_rd_i=B09HDXS1DM&psc=1,B09HDXS1DM,"{'name': 'electronis', 'url': 'https://www.amazon.com/Best-Sellers-Electronics/zgbs/electronics/'}",,,1,1640083455.525981
https://www.amazon.com/Fire-7-Kids-Edition-Tablet/dp/B07H936BZT/ref=zg_bs_electronics_25/144-0817804-9574927?pd_rd_i=B07H936BZT&psc=1,B07H936BZT,"{'name': 'electronis', 'url': 'https://www.amazon.com/Best-Sellers-Electronics/zgbs/electronics/'}",,,1,1640083460.782818
https://www.amazon.com/all-new-Echo-Dot/dp/B07XJ8C8F5/ref=zg_bs_electronics_30/144-0817804-9574927?pd_rd_i=B07XJ8C8F5&psc=1,B07XJ8C8F5,"{'name': 'electronis', 'url': 'https://www.amazon.com/Best-Sellers-Electronics/zgbs/electronics/'}",,,1,1640083466.26767
https://www.amazon.com/all-new-fire-tv-stick-4k-with-alexa-voice-remote/dp/B08XVYZ1Y5/ref=zg_bs_electronics_4/144-0817804-9574927?pd_rd_i=B08XVYZ1Y5&psc=1,B08XVYZ1Y5,"{'name': 'electronis', 'url': 'https://www.amazon.com/Best-Sellers-Electronics/zgbs/electronics/'}",,,1,1640083471.222704
https://www.amazon.com/Fire-Tablet-7/dp/B07FKR6KXF/ref=zg_bs_electronics_18/144-0817804-9574927?pd_rd_i=B07FKR6KXF&psc=1,B07FKR6KXF,"{'name': 'electronis', 'url': 'https://www.amazon.com/Best-Sellers-Electronics/zgbs/electronics/'}",,,1,1640083476.820949
https://www.amazon.com/Gskyer-Telescope-AZ-Astronomical-Refracting/dp/B081RJ8DW1/ref=zg_bs_electronics_20/144-0817804-9574927?pd_rd_i=B081RJ8DW1&psc=1,B081RJ8DW1,"{'name': 'electronis', 'url': 'https://www.amazon.com/Best-Sellers-Electronics/zgbs/electronics/'}","Gskyer Telescope, 70mm Aperture 400mm AZ Mount Astronomical Refracting Telescope for Kids Beginners - Travel Telescope with Carry Bag, Phone Adapter and Wireless Remote",$119.99,1,1640083483.010168
https://www.amazon.com/Roku-Express-Streaming-Media-Player/dp/B07WVFCVJN/ref=zg_bs_electronics_14/144-0817804-9574927?pd_rd_i=B07WVFCVJN&psc=1,B07WVFCVJN,"{'name': 'electronis', 'url': 'https://www.amazon.com/Best-Sellers-Electronics/zgbs/electronics/'}",Roku Express | HD Streaming Media Player with High Speed HDMI Cable and Simple Remote,$19.00,1,1640083490.07983
https://www.amazon.com/fire-tv-stick-with-3rd-gen-alexa-voice-remote/dp/B08C1W5N87/ref=zg_bs_electronics_1/144-0817804-9574927?pd_rd_i=B08C1W5N87&psc=1,B08C1W5N87,"{'name': 'electronis', 'url': 'https://www.amazon.com/Best-Sellers-Electronics/zgbs/electronics/'}",,,1,1640083494.783806
https://www.amazon.com/Fujifilm-INSTAX-Instant-Twin-Pack/dp/B00EB4ADQW/ref=zg_bs_electronics_17/144-0817804-9574927?pd_rd_i=B00EB4ADQW&psc=1,B00EB4ADQW,"{'name': 'electronis', 'url': 'https://www.amazon.com/Best-Sellers-Electronics/zgbs/electronics/'}",Fujifilm Instax Mini Instant Film Twin Pack (White),$13.38,1,1640083502.432378
https://www.amazon.com/Fitbit-Fitness-Smartwatch-Tracking-Included/dp/B07TWFVDWT/ref=zg_bs_electronics_16/144-0817804-9574927?pd_rd_i=B07TWFVDWT&psc=1,B07TWFVDWT,"{'name': 'electronis', 'url': 'https://www.amazon.com/Best-Sellers-Electronics/zgbs/electronics/'}",,,1,1640083508.340197
https://www.amazon.com/Roku-Express-Streaming-Wireless-Controls/dp/B0916TKFF2/ref=zg_bs_electronics_9/144-0817804-9574927?pd_rd_i=B0916TKFF2&psc=1,B0916TKFF2,"{'name': 'electronis', 'url': 'https://www.amazon.com/Best-Sellers-Electronics/zgbs/electronics/'}",,,1,1640083508.361436
https://www.amazon.com/MIHOLL-Womens-Casual-Balloon-Sleeve/dp/B0823H6XDR/ref=zg_bs_fashion_13/144-0817804-9574927?pd_rd_i=B0823GSY2X&psc=1,B0823H6XDR,"{'name': 'fashion', 'url': 'https://www.amazon.com/Best-Sellers/zgbs/fashion/'}",,,1,1640083508.374454
https://www.amazon.com/Wander-Agio-Womens-Scarves-Shawl/dp/B01LYGCOEX/ref=zg_bs_fashion_14/144-0817804-9574927?pd_rd_i=B00U3792OU&psc=1,B01LYGCOEX,"{'name': 'fashion', 'url': 'https://www.amazon.com/Best-Sellers/zgbs/fashion/'}",,,1,1640083508.385878
https://www.amazon.com/TRENDOUX-Winter-Texting-Smartphone-Driving/dp/B07JYJM6JT/ref=zg_bs_fashion_24/144-0817804-9574927?pd_rd_i=B0825RFGR9&psc=1,B07JYJM6JT,"{'name': 'fashion', 'url': 'https://www.amazon.com/Best-Sellers/zgbs/fashion/'}",,,1,1640083508.397955
https://www.amazon.com/Gildan-T-Shirt-G2400-Multipack-10-Pack/dp/B096W9D6VW/ref=zg_bs_fashion_6/144-0817804-9574927?pd_rd_i=B09DPVPZHY&psc=1,B096W9D6VW,"{'name': 'fashion', 'url': 'https://www.amazon.com/Best-Sellers/zgbs/fashion/'}",,,1,1640083508.409864
https://www.amazon.com/Crocs-Littles-Clog-Ballerina-Infant/dp/B00RGP9FHG/ref=zg_bs_fashion_22/144-0817804-9574927?pd_rd_i=B09M8JXQ9Q&psc=1,B00RGP9FHG,"{'name': 'fashion', 'url': 'https://www.amazon.com/Best-Sellers/zgbs/fashion/'}",,,1,1640083508.422563
https://www.amazon.com/Levis-Mens-Regular-Fit-Jeans-Black/dp/B000HTILV4/ref=zg_bs_fashion_26/144-0817804-9574927?pd_rd_i=B07D4JK2DH&psc=1,B000HTILV4,"{'name': 'fashion', 'url': 'https://www.amazon.com/Best-Sellers/zgbs/fashion/'}",,,1,1640083508.433655
https://www.amazon.com/Wander-Agio-Womens-Triangle-Scarves/dp/B075ZNXXVZ/ref=zg_bs_fashion_20/144-0817804-9574927?pd_rd_i=B01L0WGSX4&psc=1,B075ZNXXVZ,"{'name': 'fashion', 'url': 'https://www.amazon.com/Best-Sellers/zgbs/fashion/'}",,,1,1640083508.445209
https://www.amazon.com/Just-Love-Buffalo-Sleepwear-6324-10195-BW-XS/dp/B08WH4VCMQ/ref=zg_bs_fashion_4/144-0817804-9574927?pd_rd_i=B09NQGDBD9&psc=1,B08WH4VCMQ,"{'name': 'fashion', 'url': 'https://www.amazon.com/Best-Sellers/zgbs/fashion/'}",,,1,1640083508.456217
https://www.amazon.com/Crocs-Unisex-Classic-Clog-Black/dp/B08CV9WKRH/ref=zg_bs_fashion_2/144-0817804-9574927?pd_rd_i=B09L6B8PVC&psc=1,B08CV9WKRH,"{'name': 'fashion', 'url': 'https://www.amazon.com/Best-Sellers/zgbs/fashion/'}",,,1,1640083508.466878
https://www.amazon.com/Comfort-Slippers-Wool-Like-Outdoor-Anti-Skid/dp/B07C22QQZL/ref=zg_bs_fashion_17/144-0817804-9574927?pd_rd_i=B074MQ7MBC&psc=1,B07C22QQZL,"{'name': 'fashion', 'url': 'https://www.amazon.com/Best-Sellers/zgbs/fashion/'}",,,1,1640083508.478129
https://www.amazon.com/adidas-Adilette-Shower-Sandal-Collegiate/dp/B071HTKXJW/ref=zg_bs_fashion_15/144-0817804-9574927?pd_rd_i=B07FZXDFTG&psc=1,B071HTKXJW,"{'name': 'fashion', 'url': 'https://www.amazon.com/Best-Sellers/zgbs/fashion/'}",,,1,1640083508.489243
https://www.amazon.com/Under-Armour-Short-Sleeve-Black/dp/B07FSHPQTJ/ref=zg_bs_fashion_28/144-0817804-9574927?pd_rd_i=B091F4LQWS&psc=1,B07FSHPQTJ,"{'name': 'fashion', 'url': 'https://www.amazon.com/Best-Sellers/zgbs/fashion/'}",,,1,1640083508.500709
https://www.amazon.com/Lavley-Rather-Golfing-Novelty-Socks/dp/B07TT9F9FV/ref=zg_bs_fashion_25/144-0817804-9574927?pd_rd_i=B09B2QJ4DK&psc=1,B07TT9F9FV,"{'name': 'fashion', 'url': 'https://www.amazon.com/Best-Sellers/zgbs/fashion/'}",,,1,1640083508.511726
https://www.amazon.com/Arctix-Womens-Insulated-Black-X-Small/dp/B00V9XN248/ref=zg_bs_fashion_30/144-0817804-9574927?pd_rd_i=B08V4D3Z8F&psc=1,B00V9XN248,"{'name': 'fashion', 'url': 'https://www.amazon.com/Best-Sellers/zgbs/fashion/'}",,,1,1640083508.523555
https://www.amazon.com/Carhartt-Workwear-T-Shirt-Regular-Heather/dp/B093RL62G7/ref=zg_bs_fashion_9/144-0817804-9574927?pd_rd_i=B09FJ1VDVJ&psc=1,B093RL62G7,"{'name': 'fashion', 'url': 'https://www.amazon.com/Best-Sellers/zgbs/fashion/'}",,,1,1640083508.535693
https://www.amazon.com/Gildan-Mens-T-Shirt-White-Small/dp/B07CX4V3CW/ref=zg_bs_fashion_10/144-0817804-9574927?pd_rd_i=B091FNSFN1&psc=1,B07CX4V3CW,"{'name': 'fashion', 'url': 'https://www.amazon.com/Best-Sellers/zgbs/fashion/'}",,,1,1640083508.546624
https://www.amazon.com/Hanes-Pullover-EcoSmart-Fleece-Sweatshirt/dp/B071GCRXN9/ref=zg_bs_fashion_27/144-0817804-9574927?pd_rd_i=B09KHPWXVQ&psc=1,B071GCRXN9,"{'name': 'fashion', 'url': 'https://www.amazon.com/Best-Sellers/zgbs/fashion/'}",,,1,1640083508.560892
https://www.amazon.com/Hanes-EcoSmart-Fleece-Sweatshirt-Small/dp/B072K68D77/ref=zg_bs_fashion_8/144-0817804-9574927?pd_rd_i=B092NFH7G9&psc=1,B072K68D77,"{'name': 'fashion', 'url': 'https://www.amazon.com/Best-Sellers/zgbs/fashion/'}",,,1,1640083508.572767
https://www.amazon.com/Fruit-Loom-Coolzone-Briefs-Pack-Assorted/dp/B097C326W1/ref=zg_bs_fashion_16/144-0817804-9574927?pd_rd_i=B0931R1M2B&psc=1,B097C326W1,"{'name': 'fashion', 'url': 'https://www.amazon.com/Best-Sellers/zgbs/fashion/'}",,,1,1640083508.584566
https://www.amazon.com/Dickies-Multi-Pack-Dri-Tech-Moisture-Control/dp/B01N6YAVNM/ref=zg_bs_fashion_3/144-0817804-9574927?pd_rd_i=B07QTVKNNQ&psc=1,B01N6YAVNM,"{'name': 'fashion', 'url': 'https://www.amazon.com/Best-Sellers/zgbs/fashion/'}",,,1,1640083508.595843
https://www.amazon.com/Lavley-Novelty-Socks-Bring-Bacon/dp/B071Z2B2C4/ref=zg_bs_fashion_5/144-0817804-9574927?pd_rd_i=B09B2QMT9K&psc=1,B071Z2B2C4,"{'name': 'fashion', 'url': 'https://www.amazon.com/Best-Sellers/zgbs/fashion/'}",,,1,1640083508.6073
https://www.amazon.com/Alimens-Gentle-Button-Regular-Flannel/dp/B07CXYV1PW/ref=zg_bs_fashion_21/144-0817804-9574927?pd_rd_i=B07CY398FB&psc=1,B07CXYV1PW,"{'name': 'fashion', 'url': 'https://www.amazon.com/Best-Sellers/zgbs/fashion/'}",,,1,1640083508.618848
https://www.amazon.com/TRAVANDO-Wallet-Blocking-AUSTIN-Minimalist/dp/B07P73KK1J/ref=zg_bs_fashion_19/144-0817804-9574927?pd_rd_i=B09CNRC22H&psc=1,B07P73KK1J,"{'name': 'fashion', 'url': 'https://www.amazon.com/Best-Sellers/zgbs/fashion/'}",,,1,1640083508.635898
https://www.amazon.com/Achiou-Touchscreen-Gloves-Winter-Texting/dp/B077M5Q6FG/ref=zg_bs_fashion_23/144-0817804-9574927?pd_rd_i=B077SQQT7F&psc=1,B077M5Q6FG,"{'name': 'fashion', 'url': 'https://www.amazon.com/Best-Sellers/zgbs/fashion/'}",,,1,1640083508.649086
https://www.amazon.com/Crocs-unisex-adult-Womens-Classic-Slippers/dp/B082YNQKB7/ref=zg_bs_fashion_7/144-0817804-9574927?pd_rd_i=B01M1ABQ8M&psc=1,B082YNQKB7,"{'name': 'fashion', 'url': 'https://www.amazon.com/Best-Sellers/zgbs/fashion/'}",,,1,1640083508.660034
https://www.amazon.com/Layering-Initial-Necklaces-Paperclip-Necklace/dp/B08L8Y43C4/ref=zg_bs_fashion_29/144-0817804-9574927?pd_rd_i=B08L8W9FSQ&psc=1,B08L8Y43C4,"{'name': 'fashion', 'url': 'https://www.amazon.com/Best-Sellers/zgbs/fashion/'}",,,1,1640083508.670824
https://www.amazon.com/Fruit-Loom-Sweatshirts-Sweatshirt-12-Pack-Black/dp/B09DTFLCYS/ref=zg_bs_fashion_11/144-0817804-9574927?pd_rd_i=B08YHGGVK5&psc=1,B09DTFLCYS,"{'name': 'fashion', 'url': 'https://www.amazon.com/Best-Sellers/zgbs/fashion/'}",,,1,1640083508.684
https://www.amazon.com/Gildan-Fleece-Hooded-Sweatshirt-G18500/dp/B01M1CX371/ref=zg_bs_fashion_18/144-0817804-9574927?pd_rd_i=B07P6SYXSH&psc=1,B01M1CX371,"{'name': 'fashion', 'url': 'https://www.amazon.com/Best-Sellers/zgbs/fashion/'}",,,1,1640083508.69636
https://www.amazon.com/followme-45902-9-S-Fleece-Pajama-Sleepwear/dp/B06Y1V56FC/ref=zg_bs_fashion_1/144-0817804-9574927?pd_rd_i=B07BPCYZTS&psc=1,B06Y1V56FC,"{'name': 'fashion', 'url': 'https://www.amazon.com/Best-Sellers/zgbs/fashion/'}",,,1,1640083508.707735
https://www.amazon.com/Fruit-Loom-Sweatpants-Sweatpants-12-Pack-Navy/dp/B09DTDFVTQ/ref=zg_bs_fashion_12/144-0817804-9574927?pd_rd_i=B09KFZVKR9&psc=1,B09DTDFVTQ,"{'name': 'fashion', 'url': 'https://www.amazon.com/Best-Sellers/zgbs/fashion/'}",,,1,1640083508.719372
